keyword,language,volume,kd,intent,serp_feature,target_page,notes
γυμναστήρια πάτρα,el,720,42,local,local_pack,homepage,"Primary head term. Map-pack dominated. Must rank top-3 in local pack first, blue links second."
γυμναστήριο πάτρα,el,590,40,local,local_pack,homepage,"Singular variant. Same SERP shape as plural. Use in H1 + title."
γυμναστήρια στην πάτρα,el,260,35,local,local_pack,homepage,"Prepositional variant. Lower intent purity but easy filler keyword."
gyms in patras,en,170,30,local,local_pack,homepage,"Tourist/student/erasmus query. EN homepage hreflang or EN section helpful."
γυμναστήρια πάτρας τιμές,el,140,28,commercial,regular_blue_links,homepage,"Price-research intent. Pricing transparency answers wins clicks."
γυμναστήρια κοντά μου πάτρα,el,90,32,local,map_pack,homepage,"GBP-driven. Optimise Google Business Profile + NAP consistency."
καλύτερα γυμναστήρια πάτρα,el,70,38,commercial,regular_blue_links,homepage,"Listicle intent. Avoid the word ""καλύτερα"" in copy (voice rule) but rank for it."
γυμναστήριο κέντρο πάτρας,el,60,25,local,local_pack,homepage,"Neighborhood modifier. MOVUS is central — exploit."
γυμναστήριο αγυιά πάτρα,el,40,22,local,local_pack,homepage,"Neighborhood long-tail. Mention as service area."
γυμναστήριο ζαρουχλέικα,el,30,20,local,local_pack,homepage,"Neighborhood long-tail. Low volume but easy win."
γυμναστήριο ρίο πάτρα,el,40,24,local,local_pack,homepage,"Neighborhood + university crowd."
γυμναστήριο οβριά,el,30,20,local,local_pack,homepage,"Neighborhood long-tail."
γυμναστήριο βραχνέικα,el,30,20,local,local_pack,homepage,"Neighborhood long-tail."
γυμναστήριο παραλία πατρών,el,30,22,local,local_pack,homepage,"Neighborhood long-tail."
γυμναστήριο προάστιο πάτρα,el,20,18,local,local_pack,homepage,"Neighborhood long-tail."
γυμναστήριο παγκράτι πάτρας,el,20,18,local,local_pack,homepage,"Neighborhood long-tail."
movus πάτρα,el,30,5,navigational,knowledge_panel,homepage,"Brand. Currently low. Will grow post-launch."
movus gym,el,20,5,navigational,knowledge_panel,homepage,"Brand variant."
boutique γυμναστήριο πάτρα,el,40,18,commercial,regular_blue_links,homepage,"Positioning term. Differentiates MOVUS from chains."
premium γυμναστήριο πάτρα,el,30,18,commercial,regular_blue_links,homepage,"Positioning term."
γυμναστήριο για γυναίκες πάτρα,el,90,30,commercial,regular_blue_links,homepage,"Demographic. MOVUS small-group format fits."
γυμναστήριο 24 ώρες πάτρα,el,40,28,commercial,regular_blue_links,homepage,"Filter intent. Mention hours clearly."
fitness studio πάτρα,el,30,15,commercial,regular_blue_links,homepage,"Brand-positioning English variant Greeks search."
γυμναστήριο φοιτητές πάτρα,el,50,22,commercial,regular_blue_links,homepage,"Student-pricing intent. Patras has Pan-Hellenic university traffic."
γυμναστήρια πάτρα προσφορές,el,60,28,commercial,regular_blue_links,homepage,"Offer/discount hunters. Use sparingly in copy."
movus γυμναστήριο,el,20,5,navigational,knowledge_panel,homepage,"Brand."
γυμναστήρια πάτρα συνδρομή,el,40,25,commercial,regular_blue_links,homepage,"Membership-cost intent."
γυμναστήρια στο κέντρο της πάτρας,el,50,28,local,local_pack,homepage,"Long-tail head variant."
σχετικά με μας movus,el,10,5,navigational,regular_blue_links,about,"Brand about query."
ιστορία movus πάτρα,el,10,5,navigational,regular_blue_links,about,"Brand background."
ομάδα προπονητών πάτρα,el,40,25,informational,regular_blue_links,about,"Trust-building. Coaches page."
movus ομάδα,el,10,5,navigational,regular_blue_links,about,"Brand."
γυμναστές πάτρα,el,90,30,informational,regular_blue_links,about,"Coach-discovery."
πιστοποιημένοι προπονητές πάτρα,el,30,20,commercial,regular_blue_links,about,"Trust signal."
προπονητής πάτρα,el,140,32,commercial,regular_blue_links,programs,"Coach discovery. Programs hub captures it."
προπονητής γυμναστηρίου πάτρα,el,40,25,commercial,regular_blue_links,programs,"Variant."
προγράμματα γυμναστικής πάτρα,el,110,30,commercial,regular_blue_links,programs,"Programs hub head term."
ομαδικά προγράμματα γυμναστικής πάτρα,el,90,28,commercial,regular_blue_links,programs,"Hub-level. Splits to group page."
προπόνηση πάτρα,el,170,33,commercial,regular_blue_links,programs,"Generic. Programs hub."
fitness προγράμματα πάτρα,el,60,25,commercial,regular_blue_links,programs,"Variant."
ems πάτρα,el,390,28,local,local_pack,programs/ems,"Strong commercial. Top priority program page."
ems training πάτρα,el,210,26,local,local_pack,programs/ems,"Same SERP."
ems training τιμές,el,140,30,commercial,regular_blue_links,programs/ems,"Pricing-research. Answer on EMS page FAQ."
ems πάτρα τιμή,el,110,28,commercial,regular_blue_links,programs/ems,"Pricing-research long-tail from autocomplete."
ηλεκτροδιέγερση πάτρα,el,70,22,local,local_pack,programs/ems,"Greek term. Same SERP as ems."
ηλεκτροδιέγερση μυών πάτρα,el,40,20,local,regular_blue_links,programs/ems,"Variant."
ems προπόνηση,el,260,35,informational,regular_blue_links,programs/ems,"National info term. Drives top-of-funnel."
ems γυμναστική πάτρα,el,40,22,local,local_pack,programs/ems,"Variant."
ems training τι είναι,el,170,30,informational,featured_snippet,programs/ems,"Definitional. Aim for snippet via FAQ schema."
ems αντενδείξεις,el,170,32,informational,featured_snippet,programs/ems,"Safety query. Address transparently."
ems παρενέργειες,el,140,32,informational,featured_snippet,programs/ems,"Safety/risk query."
ems training πόσες θερμίδες,el,40,28,informational,regular_blue_links,programs/ems,"Outcome query."
ems training αποτελέσματα,el,90,32,informational,regular_blue_links,programs/ems,"Outcome-research."
ems training αδυνάτισμα,el,90,30,commercial,regular_blue_links,programs/ems,"Outcome-research with goal."
ηλεκτροδιέγερση αδυνάτισμα,el,70,30,informational,regular_blue_links,programs/ems,"Goal-modifier."
ηλεκτροδιέγερση μυϊκή ενδυνάμωση,el,40,25,informational,regular_blue_links,programs/ems,"Outcome variant."
ems για αρχάριους,el,70,25,informational,regular_blue_links,programs/ems,"Beginner-intent. FAQ entry."
ems πόσο συχνά,el,40,25,informational,regular_blue_links,programs/ems,"Frequency FAQ."
ems προπόνηση 20 λεπτά,el,40,22,informational,regular_blue_links,programs/ems,"USP query."
ems suit πάτρα,el,20,18,commercial,regular_blue_links,programs/ems,"Equipment-aware searcher."
ems training κοντά μου,el,90,28,local,map_pack,programs/ems,"GBP/local-pack."
ηλεκτρομυοδιέγερση,el,90,30,informational,regular_blue_links,programs/ems,"Greek technical term."
ems training reviews πάτρα,el,20,20,commercial,regular_blue_links,programs/ems,"Social proof intent."
personal trainer πάτρα,el,320,32,local,local_pack,programs/personal-training,"Top commercial. Personal program page."
personal training πάτρα,el,210,30,local,local_pack,programs/personal-training,"Variant. Same SERP."
personal trainer πάτρα τιμές,el,140,28,commercial,regular_blue_links,programs/personal-training,"Pricing-research from autocomplete."
personal trainer patras,en,90,28,local,local_pack,programs/personal-training,"EN variant."
ιδιαίτερα μαθήματα γυμναστικής πάτρα,el,90,28,commercial,regular_blue_links,programs/personal-training,"Greek-native variant."
1 με 1 προπόνηση πάτρα,el,40,22,commercial,regular_blue_links,programs/personal-training,"Format-modifier."
ιδιωτικός προπονητής πάτρα,el,70,25,commercial,regular_blue_links,programs/personal-training,"Variant."
γυμναστής στο σπίτι πάτρα,el,40,22,commercial,regular_blue_links,programs/personal-training,"At-home variant (may not fit MOVUS but capture as related)."
personal trainer για γυναίκες πάτρα,el,40,25,commercial,regular_blue_links,programs/personal-training,"Demo-modifier."
private training πάτρα,el,30,20,local,local_pack,programs/personal-training,"Private-format variant."
ομαδικά μαθήματα γυμναστικής πάτρα,el,170,28,commercial,regular_blue_links,programs/group,"Group hub. Match the slug ""squad""/""team"" via this URL."
group fitness πάτρα,el,90,22,commercial,regular_blue_links,programs/group,"EN variant Greeks use."
ομαδικά προγράμματα πάτρα,el,140,30,commercial,regular_blue_links,programs/group,"Variant. From autocomplete."
ομαδική προπόνηση πάτρα,el,90,28,commercial,regular_blue_links,programs/group,"Variant."
functional training πάτρα,el,140,25,commercial,regular_blue_links,programs/group,"Modality. From autocomplete."
λειτουργική προπόνηση πάτρα,el,40,22,commercial,regular_blue_links,programs/group,"Greek-language variant of functional."
hiit πάτρα,el,90,25,commercial,regular_blue_links,programs/group,"Modality."
hiit μαθήματα πάτρα,el,40,22,commercial,regular_blue_links,programs/group,"Modality variant."
crossfit πάτρα,el,260,38,local,local_pack,programs/group,"Adjacent. MOVUS isn't CrossFit but functional answers it."
crossfit πάτρα τιμές,el,90,30,commercial,regular_blue_links,programs/group,"Adjacent pricing."
small group training πάτρα,el,30,18,commercial,regular_blue_links,programs/group,"Format-modifier."
team training πάτρα,el,20,18,commercial,regular_blue_links,programs/group,"Format."
ομαδικά γυμναστικής αρχάριοι,el,40,22,informational,regular_blue_links,programs/group,"Beginner intent."
ομαδικά μαθήματα γυμναστικής για γυναίκες,el,90,28,informational,regular_blue_links,programs/group,"Demo intent."
pilates πάτρα,el,390,36,local,local_pack,programs,"Modality. MOVUS reformer studio if applicable, else compete via group."
reformer pilates πάτρα,el,210,28,local,local_pack,programs,"Format-specific. Lower competition than pilates head term."
pilates reformer πάτρα,el,170,28,local,local_pack,programs,"Word-order variant."
pilates reformer πάτρα τιμές,el,90,25,commercial,regular_blue_links,programs,"Pricing."
pilates αγυιά,el,90,22,local,local_pack,programs,"Neighborhood. From autocomplete."
pilates κέντρο πάτρας,el,70,22,local,local_pack,programs,"Neighborhood. From autocomplete."
pilates μποζαϊτικα,el,40,18,local,local_pack,programs,"Neighborhood. From autocomplete."
pilates για αρχάριους πάτρα,el,40,22,informational,regular_blue_links,programs,"Beginner intent."
αδυνάτισμα πάτρα,el,170,32,commercial,regular_blue_links,programs,"Goal-led. Route to EMS + personal hub."
σύσφιξη πάτρα,el,90,28,commercial,regular_blue_links,programs,"Goal-led."
σύσφιξη σώματος,el,260,35,informational,regular_blue_links,blog,"Top-of-funnel info."
αδυνάτισμα γρήγορα,el,390,40,informational,regular_blue_links,blog,"National info."
μυϊκή ενδυνάμωση,el,210,35,informational,regular_blue_links,blog,"Info pillar."
μυϊκή ενδυνάμωση στο σπίτι,el,140,30,informational,regular_blue_links,blog,"From autocomplete. Long-tail."
καρδιαγγειακή προπόνηση,el,90,28,informational,regular_blue_links,blog,"Info."
αερόβια άσκηση,el,260,32,informational,regular_blue_links,blog,"Info."
καρδιο προπόνηση,el,140,30,informational,regular_blue_links,blog,"Info."
recovery μυών,el,90,28,informational,regular_blue_links,blog,"Info."
infrared sauna οφέλη,el,70,25,informational,regular_blue_links,blog,"Info pillar mapped to recovery offer."
σάουνα infrared,el,90,25,informational,regular_blue_links,blog,"Info."
infrared sauna πάτρα,el,40,18,commercial,regular_blue_links,blog,"Service-related but blog supports."
οφέλη σάουνας,el,140,30,informational,regular_blue_links,blog,"Info."
πόσες φορές γυμναστική την εβδομάδα,el,210,30,informational,featured_snippet,blog,"FAQ-style. Snippet target."
γυμναστική μετά τα 40,el,170,30,informational,regular_blue_links,blog,"Demo-segment article."
γυμναστική για γυναίκες,el,260,32,informational,regular_blue_links,blog,"Demo-segment article."
γυμναστική για άντρες,el,140,30,informational,regular_blue_links,blog,"Demo-segment article."
ems vs γυμναστήριο,el,40,22,informational,regular_blue_links,blog,"Comparison."
ems vs personal training,el,30,22,informational,regular_blue_links,blog,"Comparison."
πόσο κοστίζει γυμναστήριο πάτρα,el,40,25,informational,regular_blue_links,blog,"Cost-research."
τιμές γυμναστηρίων πάτρα 2026,el,40,20,commercial,regular_blue_links,blog,"Year-modifier. Refresh annually."
movus πάτρα κρατήσεις,el,10,5,transactional,knowledge_panel,contact,"Brand transactional."
γυμναστήριο πάτρα κρατήσεις,el,40,22,transactional,regular_blue_links,contact,"Booking intent."
γυμναστήριο πάτρα τηλέφωνο,el,40,18,navigational,knowledge_panel,contact,"NAP-driven."
γυμναστήριο πάτρα διεύθυνση,el,30,18,navigational,knowledge_panel,contact,"NAP-driven."
γυμναστήριο πάτρα ωράριο,el,40,18,navigational,knowledge_panel,contact,"NAP-driven."
δοκιμαστική προπόνηση πάτρα,el,70,22,transactional,regular_blue_links,contact,"Trial-class intent. Highest-converting query type."
δωρεάν δοκιμή ems πάτρα,el,40,20,transactional,regular_blue_links,contact,"Trial-class for EMS."
κράτηση γυμναστήριο πάτρα,el,30,20,transactional,regular_blue_links,contact,"Booking."
εγγραφή γυμναστήριο πάτρα,el,40,22,transactional,regular_blue_links,contact,"Signup intent."
